id,seq,label,a_count,a_hyd,ASA,ASA-,ASA_H,ASA_P,ASA+,balabanJ,BCUT_PEOE_0,BCUT_PEOE_1,BCUT_PEOE_2,BCUT_PEOE_3,BCUT_SLOGP_1,CASA-,CASA+,DASA,DCASA,dipole,dipoleX,E_ang,E_strain,E_vdw,GCUT_PEOE_0,GCUT_PEOE_1,GCUT_PEOE_3,GCUT_SMR_0,h_logD,h_pavgQ,h_pKa,h_pKb,h_pstrain,npr1,npr2,PEOE_PC-,PEOE_VSA_FHYD,PEOE_VSA_FPNEG,PEOE_VSA_FPPOS,PEOE_VSA+2,PEOE_VSA+6,pro_asa_hyd,pro_dipole_moment,pro_eccen,pro_hyd_moment,pro_net_charge,pro_patch_hyd_1,pro_patch_hyd_2,pro_patch_ion_n,pro_patch_pos_4,pro_patch_pos_n,pro_pI_3D,pro_pI_seq,Q_PC-,Q_VSA_FHYD,Q_VSA_FPNEG,Q_VSA_FPPOS,SlogP_VSA8,SlogP_VSA9,SMR_VSA5,std_dim1,std_dim2,VDistEq,vsurf_A,vsurf_D7,vsurf_D8,vsurf_EDmin1,vsurf_EDmin2,vsurf_EDmin3,vsurf_EWmin1,vsurf_EWmin2,vsurf_EWmin3,vsurf_HL1,vsurf_HL2,vsurf_ID1,vsurf_ID2,vsurf_ID3,vsurf_ID4,vsurf_ID5,vsurf_ID6,vsurf_ID7,vsurf_ID8,vsurf_IW1,vsurf_IW2,vsurf_IW3,vsurf_IW4,vsurf_IW5,vsurf_IW6,vsurf_IW7,vsurf_IW8,vsurf_W1,vsurf_W3,vsurf_W5,vsurf_W7,BCUT_SMR_0,BCUT_SMR_1,BCUT_SMR_3,dipoleY,logS,pmi2,pmiX,pmiY,pmiZ,pro_helicity,pro_sed_const,pro_zdipole,pro_zquadrupole,vsurf_CW7,vsurf_CW8
GAN-P2,WKRIAKRLKRKLGRAKLF,1,265,64,1905.7587,372.51822,1129.6381,776.12061,1533.2405,2.74931,-2.7092545,-0.52300715,0.52767181,2.7157178,-0.46489102,10949.801,52737.336,1160.7222,41787.539,33.136738,-0.97853154,29.196051,17.096893,-19.529198,-0.86304635,-0.36416045,3.4893897,-0.64183205,-19.743732,6.687603,9.5184584,5.0315886,7.1702251,0.39776465,0.90766883,-13.859227,0.65904403,0.12233417,0.21862178,52.963017,124.61584,1267.3573,67.602646,0.38033286,55.283745,2.6444333,260,320,3,280,3,10.506348,12.059082,-29.393999,0.47886375,0.21457271,0.30656356,415.10492,266.60812,557.47559,6.0252466,3.72469,5.0649147,1.7920034,376.375,208.75,-3.0470405,-3.0002224,-2.9615235,-9.6030607,-9.5447474,-8.8600883,0.23420563,0.11995202,1.1561399,1.2747556,1.4044595,1.4022763,1.2234563,1.0814822,0.9919349,1.3513106,1.6024911,1.8340104,1.7925284,1.5811937,1.8002425,2.1182272,2.7365503,2.9403825,4041,1448.875,267.375,42.125,-2.4631474,-0.38927245,2.9572504,11.955444,-13.20846,69883.102,15862.687,15655.539,57231.566,66.666664,4.87E-14,9.91E-15,3.1838522,0.082204215,0.022755789
